{"content":[{"id":"278bd98","settings":{"content_width":{"unit":"px","size":998,"sizes":[]},"content_width_tablet":{"unit":"px","size":741,"sizes":[]},"content_width_mobile":{"unit":"px","size":340,"sizes":[]},"height":"full","background_background":"classic","background_color":"#D8D8D8","background_overlay_background":"classic","background_overlay_image":{"url":"https:\/\/demoes.aramis-co.ir\/woodmartpluss3\/wp-content\/uploads\/2024\/11\/Asset-1@4x.png","id":4849,"size":"","alt":"","source":"library"},"background_overlay_position":"center center","background_overlay_repeat":"no-repeat","background_overlay_size":"cover","background_overlay_opacity":{"unit":"px","size":0.10000000000000001,"sizes":[]},"css_classes":"loggra"},"elements":[{"id":"dd9076b","settings":{"_column_size":100,"_inline_size":null,"background_background":"classic","background_color":"#FFFFFF","border_radius":{"unit":"px","top":"24","right":"24","bottom":"24","left":"24","isLinked":true},"box_shadow_box_shadow_type":"yes","box_shadow_box_shadow":{"horizontal":0,"vertical":0,"blur":40,"spread":0,"color":"rgba(0, 0, 0, 0.1)"},"column_sticky_offset":50,"scroll_y":-80},"elements":[{"id":"28fd96cb","settings":{"structure":"20"},"elements":[{"id":"12c0fa81","settings":{"_column_size":50,"_inline_size":null,"content_position":"center","column_sticky_offset":50,"scroll_y":-80},"elements":[{"id":"8344c96","settings":{"image":{"url":"https:\/\/demoes.aramis-co.ir\/woodmartpluss3\/wp-content\/uploads\/2024\/11\/3d-render-secure-login-password-illustration-1.png","id":4857,"size":"","alt":"","source":"library"},"width":{"unit":"%","size":48,"sizes":[]},"width_tablet":{"unit":"%","size":71,"sizes":[]},"width_mobile":{"unit":"%","size":33,"sizes":[]},"_padding":{"unit":"px","top":"16","right":"0","bottom":"16","left":"0","isLinked":false},"scroll_y":-80,"_background_background":"classic","_background_color":"#F2F2F2","_border_radius":{"unit":"px","top":"12","right":"12","bottom":"12","left":"12","isLinked":true}},"elements":[],"isInner":false,"widgetType":"image","elType":"widget"}],"isInner":true,"elType":"column"},{"id":"1a54d564","settings":{"_column_size":50,"_inline_size":null,"column_sticky_offset":50,"scroll_y":-80},"elements":[{"id":"81720dd","settings":{"first_title":"\u0648\u0631\u0648\u062f \u0628\u0647 \u0648\u0648\u062f\u0634\u0627\u067e","secound_title":"\u0648\u0631\u0648\u062f \/ \u062b\u0628\u062a \u0646\u0627\u0645","text_color_first_title":"#4D4D4D","content_typography_first_title_typography":"custom","content_typography_first_title_font_size":{"unit":"px","size":22,"sizes":[]},"text_align_first_title":"center","content_typography_secound_title_typography":"custom","content_typography_secound_title_font_family":"IRANSansXFaNum","scroll_y":-80,"content_typography_first_title_font_family":"IRANSansXFaNum","content_typography_secound_title_font_size":{"unit":"px","size":13,"sizes":[]},"content_typography_input_typography":"custom","content_typography_input_font_family":"IRANSansXFaNum","content_typography_title_button_typography":"custom","content_typography_title_button_font_family":"IRANSansXFaNum","content_typography_title_condition_typography":"custom","content_typography_title_condition_font_family":"IRANSansXFaNum","content_typography_title_forget_pass_typography":"custom","content_typography_title_forget_pass_font_size":{"unit":"px","size":13,"sizes":[]},"text_color_input":"#916262","text_color_button":"#FBE9E9","text_color_button_icon":"#F8F6F6","background_color_button":"#F21C51","border-radius_button":{"unit":"px","top":"105","right":"105","bottom":"105","left":"105","isLinked":true},"error_generated":[],"first_placeholder":"\u0627\u06cc\u0645\u06cc\u0644 \/ \u0645\u0648\u0628\u0627\u06cc\u0644 \/ \u0646\u0627\u0645 \u06a9\u0627\u0631\u0628\u0631\u06cc","first_btn_text":"\u062b\u0628\u062a \u0646\u0627\u0645 \/ \u0648\u0631\u0648\u062f","first_text_forgetpassword":"\u0622\u06cc\u0627 \u0631\u0645\u0632 \u0639\u0628\u0648\u0631 \u062e\u0648\u062f \u0631\u0627 \u0641\u0631\u0627\u0645\u0648\u0634 \u06a9\u0631\u062f\u0647 \u0627\u06cc\u062f","two_title_text":"\u0631\u0645\u0632\u0639\u0628\u0648\u0631 \u0627\u06cc\u0645\u06cc\u0644 \u062e\u0648\u062f \u0631\u0627 \u0648\u0627\u0631\u062f \u06a9\u0646\u06cc\u062f","two_placeholder_text":"\u0631\u0645\u0632 \u0639\u0628\u0648\u0631","two_btn_text":"\u0648\u0631\u0648\u062f","three_placeholder_username":"\u0646\u0627\u0645 \u06a9\u0627\u0631\u0628\u0631\u06cc","three_placeholder_password":"\u0631\u0645\u0632\u0639\u0628\u0648\u0631","three_btn_text":"\u062b\u0628\u062a \u0646\u0627\u0645","four_timeup_text":"\u0632\u0645\u0627\u0646 \u0628\u0627\u0642\u06cc \u0645\u0627\u0646\u062f\u0647 :","four_editnumber":"\u0648\u06cc\u0631\u0627\u06cc\u0634 \u0634\u0645\u0627\u0631\u0647","four_btn_text":"\u062a\u0627\u06cc\u06cc\u062f \u0645\u0648\u0628\u0627\u06cc\u0644","five_timeup_text":"\u0632\u0645\u0627\u0646 \u0628\u0627\u0642\u06cc \u0645\u0627\u0646\u062f\u0647 :","five_btn_text":"\u062a\u0627\u06cc\u06cc\u062f \u0627\u06cc\u0645\u06cc\u0644"},"elements":[],"isInner":false,"widgetType":"alfa_shop_my_account_login_smart","elType":"widget"},{"id":"6553384c","settings":{"show_label":"yes","label_text":"\u0628\u0627 \u0645\u0627 \u062f\u0631 \u0627\u0631\u062a\u0628\u0627\u0637 \u0628\u0627\u0634\u06cc\u062f.","fb_link":"#","twitter_link":"#","isntagram_link":"#","pinterest_link":"#","youtube_link":"#","layout":"justify","_padding":{"unit":"px","top":"4","right":"10","bottom":"4","left":"10","isLinked":false},"scroll_y":-80,"_background_background":"classic","_background_color":"#F2F2F2","_border_radius":{"unit":"px","top":"12","right":"12","bottom":"12","left":"12","isLinked":true},"title_typography_typography":"custom","title_typography_font_family":"IRANSansXFaNum"},"elements":[],"isInner":false,"widgetType":"wd_social_buttons","elType":"widget"}],"isInner":true,"elType":"column"}],"isInner":true,"elType":"section"}],"isInner":false,"elType":"column"}],"isInner":false,"elType":"section"}],"page_settings":[],"version":"0.4","title":"login_register","type":"page"}