{"content":[{"id":"1180f183","settings":{"layout":"full_width","height":"full","stretch_section":"section-stretched","background_background":"classic","background_color":"#DFD7D7"},"elements":[{"id":"6f96d95d","settings":{"_column_size":100,"_inline_size":null,"column_sticky_offset":50,"scroll_y":-80},"elements":[{"id":"3e0efcc1","settings":{"scroll_y":-80,"deactive_logo":"","deactive_background":"","deactive_closs_btn":"","border_radius":{"unit":"px","top":"64","right":"64","bottom":"64","left":"64","isLinked":true},"background_image":{"url":"","id":"","size":"","alt":"","source":"library"},"content_typography_typography":"custom","content_typography_font_size":{"unit":"px","size":12,"sizes":[]},"text_color_title":"#26DF1B","content_typography_next_title_typography":"custom","content_typography_next_title_font_size":{"unit":"px","size":14,"sizes":[]},"text_color_title_next":"#EC0E0E","content_typography_next_btn_typography":"custom","content_typography_next_btn_font_size":{"unit":"px","size":12,"sizes":[]},"text_color_btn":"#FFFBFB","background_color_btn":"#080808","border_btn_border":"dashed","border_btn_width":{"unit":"px","top":"18","right":"18","bottom":"18","left":"18","isLinked":true},"border_btn_color":"#F4EE7B","border-radius-btn":{"unit":"px","top":"72","right":"72","bottom":"72","left":"72","isLinked":true},"text_color_condition":"#00F839","content_typography_text_condition_typography":"custom","content_typography_text_condition_font_size":{"unit":"px","size":11,"sizes":[]},"content_typography_text_forgetpass_typography":"custom","content_typography_text_forgetpass_font_size":{"unit":"px","size":53,"sizes":[]},"text_color_forgetpass":"#EB3F22","border-radius_two_sec":{"unit":"px","top":"47","right":"47","bottom":"47","left":"47","isLinked":true},"border_radius_wclogin":{"unit":"px","top":"53","right":"53","bottom":"53","left":"53","isLinked":true},"backgorund_color_wclogin":"#080808","content_typography_wclogin_typography":"custom","content_typography_wclogin_font_size":{"unit":"px","size":16,"sizes":[]},"text_color_title_wclogin":"#FFFFFF","backgorund_color_btn_wclogin":"#DD8686","border_radius_btn_wclogin":{"unit":"px","top":"25","right":"25","bottom":"25","left":"25","isLinked":true},"content_typography_btn_wclogin_typography":"custom","content_typography_btn_wclogin_font_size":{"unit":"px","size":21,"sizes":[]},"text_color_title_btn_wclogin":"#000000","content_typography_registerlink_wclogin_typography":"custom","content_typography_registerlink_wclogin_font_size":{"unit":"px","size":17,"sizes":[]},"text_color_title_registerlink_wclogin":"#4218DB","content_typography_condition_wclogin_typography":"custom","content_typography_condition_wclogin_font_size":{"unit":"px","size":25,"sizes":[]},"text_color_title_condition_wclogin":"#E44C4C","text_color_title_wclogin_fields":"#FF0000","border_btn_field_border":"solid","border_btn_field_width":{"unit":"px","top":"2","right":"2","bottom":"2","left":"2","isLinked":true},"border_btn_field_color":"#D5E773","border_radius_field_wclogin":{"unit":"px","top":"20","right":"20","bottom":"20","left":"20","isLinked":true},"title_color_wclogin":"#FFFFFF","content_typography_title_wclogin_typography":"custom","content_typography_title_wclogin_font_size":{"unit":"px","size":13,"sizes":[]}},"elements":[],"isInner":false,"widgetType":"alfa_shop_my_account_login","elType":"widget"}],"isInner":false,"elType":"column"}],"isInner":false,"elType":"section"}],"page_settings":[],"version":"0.4","title":"login register","type":"page"}