{"content":[{"id":"231a9e88","settings":{"structure":"20","background_background":"classic","background_color":"#FFFFFF","border_radius":{"unit":"px","top":"16","right":"16","bottom":"16","left":"16","isLinked":true},"box_shadow_box_shadow_type":"yes","box_shadow_box_shadow":{"horizontal":0,"vertical":0,"blur":10,"spread":0,"color":"rgba(0, 0, 0, 0.1)"},"padding":{"unit":"px","top":"0","right":"12","bottom":"0","left":"12","isLinked":false},"margin":{"unit":"px","top":"20","right":"0","bottom":"20","left":"0","isLinked":false}},"elements":[{"id":"319808cf","settings":{"_column_size":50,"_inline_size":null,"content_position":"center","column_sticky_offset":50,"scroll_y":-80},"elements":[{"id":"4ec02a18","settings":{"text":"\u0635\u0641\u062d\u0647 \u0627\u0635\u0644\u06cc","link":{"url":"https:\/\/demoes.aramis-co.ir\/woodmartpluss3\/","is_external":"","nofollow":"","custom_attributes":""},"selected_icon":{"value":{"url":"https:\/\/demoes.aramis-co.ir\/woodmartpluss3\/wp-content\/uploads\/2024\/12\/home-2.svg","id":4930},"library":"svg"},"icon_align":"row","align":"right","button_text_color":"#4E4E4E","background_color":"#E8E8E8","border_radius":{"unit":"px","top":"45","right":"45","bottom":"45","left":"45","isLinked":true},"_element_width":"auto","scroll_y":-80},"elements":[],"isInner":false,"widgetType":"button","elType":"widget"},{"id":"2fe948b8","settings":{"_padding":{"unit":"px","top":"0","right":"17","bottom":"0","left":"14","isLinked":false},"_element_width":"auto","scroll_y":-80,"_border_border":"solid","_border_width":{"unit":"px","top":"0","right":"0","bottom":"0","left":"1","isLinked":false},"_border_color":"#9F9F9F"},"elements":[],"isInner":false,"widgetType":"alfa_shop_my_account_header_notif","elType":"widget"},{"id":"16f6e5ce","settings":{"widget_title":"\u0627\u0645\u0631\u0648\u0632","text_color_date_title":"#949494","content_typography_date_title_typography":"custom","content_typography_date_title_font_family":"IRANSansXFaNum","content_typography_date_title_font_weight":"400","text_color_date":"#414141","content_typography_date_typography":"custom","content_typography_date_font_weight":"700","_padding":{"unit":"px","top":"0","right":"14","bottom":"0","left":"0","isLinked":false},"_element_width":"auto","scroll_y":-80,"_border_radius":{"unit":"px","top":"0","right":"0","bottom":"0","left":"0","isLinked":false}},"elements":[],"isInner":false,"widgetType":"alfa_shop_my_account_header_date","elType":"widget"}],"isInner":false,"elType":"column"},{"id":"59c96de6","settings":{"_column_size":50,"_inline_size":null,"align":"flex-end","column_sticky_offset":50,"scroll_y":-80},"elements":[{"id":"2acecf13","settings":{"selected_icon":{"value":{"url":"https:\/\/demoes.aramis-co.ir\/woodmartpluss3\/wp-content\/uploads\/2024\/12\/notification.svg","id":4925},"library":"svg"},"title_text":"\u0628\u0631\u0627\u06cc \u0627\u0645\u0646\u06cc\u062a \u0628\u06cc\u0634\u062a\u0631 \u0627\u0637\u0644\u0627\u0639\u0627\u062a \u062d\u0633\u0627\u0628 \u06a9\u0627\u0631\u0628\u0631\u06cc \u062e\u0648\u062f \u0631\u0627 \u062a\u06a9\u0645\u06cc\u0644 \u06a9\u0646\u06cc\u062f","description_text":"","position":"right","content_vertical_alignment":"middle","text_align":"right","icon_space":{"unit":"px","size":9,"sizes":[]},"title_bottom_space":{"unit":"px","size":0,"sizes":[]},"primary_color":"#7C7C7C","icon_size":{"unit":"px","size":24,"sizes":[]},"title_color":"#525252","title_typography_typography":"custom","title_typography_font_family":"IRANSansXFaNum","title_typography_font_size":{"unit":"px","size":14,"sizes":[]},"_margin":{"unit":"px","top":"0","right":"0","bottom":"0","left":"21","isLinked":false},"_padding":{"unit":"px","top":"3","right":"8","bottom":"4","left":"8","isLinked":false},"_element_width":"auto","_element_vertical_align":"center","scroll_y":-80,"_background_background":"classic","_background_color":"#E300001A","_border_radius":{"unit":"px","top":"35","right":"35","bottom":"35","left":"35","isLinked":true}},"elements":[],"isInner":false,"widgetType":"icon-box","elType":"widget"},{"id":"180651a5","settings":{"widget_title":"\u0633\u0644\u0627\u0645","border-radius":{"unit":"px","top":"50","right":"50","bottom":"50","left":"50","isLinked":true},"_element_width":"auto","_element_vertical_align":"center","scroll_y":-80},"elements":[],"isInner":false,"widgetType":"alfa_shop_my_account_header_dropdown","elType":"widget"}],"isInner":false,"elType":"column"}],"isInner":false,"elType":"section"}],"page_settings":[],"version":"0.4","title":"header","type":"page"}