{"content":[{"id":"2e4f2295","settings":[],"elements":[{"id":"743f7712","settings":{"_column_size":100,"_inline_size":null,"column_sticky_offset":50,"scroll_y":-80},"elements":[{"id":"34263bf6","settings":{"show_avatr":"","menus":[{"title_menu":"\u067e\u06cc\u0634\u062e\u0648\u0627\u0646","_id":"f8b778b","icon_menu":{"value":{"url":"https:\/\/demoes.aramis-co.ir\/woodmartpluss3\/wp-content\/uploads\/2024\/12\/Frame-1000001136.svg","id":4903},"library":"svg"}},{"title_menu":"\u0633\u0641\u0627\u0631\u0634 \u0647\u0627","icon_menu":{"value":{"url":"https:\/\/demoes.aramis-co.ir\/woodmartpluss3\/wp-content\/uploads\/2024\/12\/Frame-1000001137.svg","id":4902},"library":"svg"},"select_menu":"orders","_id":"47d00f5"},{"_id":"853080f","title_menu":"\u0639\u0644\u0627\u0642\u0647 \u0645\u0646\u062f\u06cc \u0647\u0627","icon_menu":{"value":{"url":"https:\/\/demoes.aramis-co.ir\/woodmartpluss3\/wp-content\/uploads\/2024\/12\/Frame-1000001139.svg","id":4899},"library":"svg"},"select_menu":"wishlist"},{"title_menu":"\u062f\u0627\u0646\u0644\u0648\u062f \u0647\u0627","_id":"78ed31c","icon_menu":{"value":{"url":"https:\/\/demoes.aramis-co.ir\/woodmartpluss3\/wp-content\/uploads\/2024\/12\/Frame-1000001138.svg","id":4901},"library":"svg"},"select_menu":"downloads"},{"_id":"d44779a","title_menu":"\u0622\u062f\u0631\u0633 \u0647\u0627","icon_menu":{"value":{"url":"https:\/\/demoes.aramis-co.ir\/woodmartpluss3\/wp-content\/uploads\/2024\/12\/Frame-1000001144.svg","id":4894},"library":"svg"},"select_menu":"edit-address"},{"_id":"67b336c","title_menu":"\u062c\u0632\u0626\u06cc\u0627\u062a \u062d\u0633\u0627\u0628","icon_menu":{"value":{"url":"https:\/\/demoes.aramis-co.ir\/woodmartpluss3\/wp-content\/uploads\/2024\/12\/Frame-33.svg","id":4893},"library":"svg"},"select_menu":"edit-account"},{"_id":"8f346e7","title_menu":"\u062a\u06cc\u06a9\u062a \u0647\u0627","icon_menu":{"value":{"url":"https:\/\/demoes.aramis-co.ir\/woodmartpluss3\/wp-content\/uploads\/2024\/12\/Frame-1000001140.svg","id":4898},"library":"svg"},"select_menu":"tickets"},{"_id":"2445eb9","title_menu":"\u06a9\u062f \u0647\u0627\u06cc \u062a\u062e\u0641\u06cc\u0641","icon_menu":{"value":{"url":"https:\/\/demoes.aramis-co.ir\/woodmartpluss3\/wp-content\/uploads\/2024\/12\/Frame-1000001142.svg","id":4896},"library":"svg"},"select_menu":"offers"},{"_id":"df8146e","title_menu":"\u0627\u0637\u0644\u0627\u0639\u06cc\u0647 \u0647\u0627","icon_menu":{"value":{"url":"https:\/\/demoes.aramis-co.ir\/woodmartpluss3\/wp-content\/uploads\/2024\/12\/Frame-1000001141.svg","id":4897},"library":"svg"},"select_menu":"notifications"}],"scroll_y":-80,"space_menu":{"unit":"px","size":0,"sizes":[]},"width_icon":{"unit":"px","size":20,"sizes":[]},"space_icon":{"unit":"px","size":9,"sizes":[]},"border-radius_btn":{"unit":"px","top":"8","right":"8","bottom":"8","left":"8","isLinked":true},"bg_bt_color":"#C30606","content_typography_btn_logout_typography":"custom","content_typography_btn_logout_font_family":"IRANSansXFaNum","content_typography_btn_logout_font_size":{"unit":"px","size":16,"sizes":[]},"content_typography_btn_logout_font_weight":"500","background_hover_color_li_text":"#2F1E1E","background_hover_color_li_background":"#EDEDED","background_hover_color_li_badge":"#E30000"},"elements":[],"isInner":false,"widgetType":"woodplus_my_account_navigation_elementor","elType":"widget"}],"isInner":false,"elType":"column"}],"isInner":false,"elType":"section"}],"page_settings":[],"version":"0.4","title":"navigation","type":"page"}