{"content":[{"id":"10db390e","settings":{"structure":"30","background_background":"gradient","background_color":"#393939","background_color_b":"#4F4F4F","background_gradient_angle":{"unit":"deg","size":235,"sizes":[]},"border_radius":{"unit":"px","top":"20","right":"20","bottom":"20","left":"20","isLinked":true},"margin":{"unit":"px","top":"25","right":"0","bottom":"0","left":"0","isLinked":false},"padding":{"unit":"px","top":"0","right":"0","bottom":"0","left":"12","isLinked":false}},"elements":[{"id":"35063f16","settings":{"_column_size":33,"_inline_size":15,"column_sticky_offset":50,"scroll_y":-80},"elements":[{"id":"73858f0a","settings":{"background_background":"classic","background_image":{"url":"","id":"","size":"","alt":"","source":"library"},"background_position":"center center","background_repeat":"no-repeat","background_size":"contain","background_overlay_background":"classic","background_overlay_image":{"url":"https:\/\/demoes.aramis-co.ir\/woodmartpluss3\/wp-content\/uploads\/2024\/12\/Megaphone-1-min-1.png","id":4684,"size":"","alt":"","source":"library"},"background_overlay_position":"center center","background_overlay_repeat":"no-repeat","background_overlay_size":"contain","css_filters_css_filter":"custom","css_filters_blur":{"unit":"px","size":20,"sizes":[]},"margin":{"unit":"px","top":"-50","right":"0","bottom":"-40","left":"0","isLinked":false}},"elements":[{"id":"6cabed6c","settings":{"_column_size":100,"_inline_size":null,"column_sticky_offset":50,"scroll_y":-80},"elements":[{"id":"3d41cffe","settings":{"image":{"url":"https:\/\/demoes.aramis-co.ir\/woodmartpluss3\/wp-content\/uploads\/2024\/12\/Megaphone-1-min.png","id":4683,"size":"","alt":"","source":"library"},"scroll_y":-80},"elements":[],"isInner":false,"widgetType":"image","elType":"widget"}],"isInner":true,"elType":"column"}],"isInner":true,"elType":"section"}],"isInner":false,"elType":"column"},{"id":"3c1bfe8c","settings":{"_column_size":33,"_inline_size":66.332999999999998,"space_between_widgets":10,"column_sticky_offset":50,"scroll_y":-80},"elements":[{"id":"39dd8759","settings":{"editor":"<p>\u06a9\u0644\u06cc\u0647 \u0645\u062d\u0635\u0648\u0644\u0627\u062a \u0641\u0631\u0648\u0634\u06af\u0627\u0647 \u0631\u0627 \u0628\u0627 \u062a\u062e\u0641\u06cc\u0641 \u0648\u06cc\u0698\u0647 \u0628\u0647 \u0645\u0646\u0627\u0633\u0628\u062a \u0628\u0644\u06a9 \u0641\u0631\u0627\u06cc\u062f\u06cc \u062e\u0631\u06cc\u062f\u0627\u0631\u06cc \u06a9\u0646\u06cc\u062f.<\/p>","align":"right","text_color":"#FFFFFF","typography_typography":"custom","typography_font_family":"IRANSansXFaNum","typography_font_size":{"unit":"px","size":15,"sizes":[]},"typography_font_weight":"600","scroll_y":-80},"elements":[],"isInner":false,"widgetType":"text-editor","elType":"widget"},{"id":"62d0d871","settings":{"title":"\u0632\u0645\u0627\u0646 \u0628\u0627\u0642\u06cc \u0645\u0627\u0646\u062f\u0647","title_color":"#FFFFFF","typography_typography":"custom","typography_font_size":{"unit":"px","size":17,"sizes":[]},"typography_font_weight":"700","_margin":{"unit":"px","top":"0","right":"0","bottom":"0","left":"13","isLinked":false},"_element_width":"auto","_element_vertical_align":"center","scroll_y":-80},"elements":[],"isInner":false,"widgetType":"heading","elType":"widget"},{"id":"45f92c1b","settings":{"size":"small","_element_width":"auto","scroll_y":-80},"elements":[],"isInner":false,"widgetType":"wd_countdown_timer","elType":"widget"}],"isInner":false,"elType":"column"},{"id":"687d1720","settings":{"_column_size":33,"_inline_size":18,"content_position":"center","column_sticky_offset":50,"scroll_y":-80},"elements":[{"id":"3ba9b9bd","settings":{"text":"\u0645\u0634\u0627\u0647\u062f\u0647 \u0645\u062d\u0635\u0648\u0644\u0627\u062a","link":{"url":"https:\/\/demoes.aramis-co.ir\/woodmartpluss3\/shop\/","is_external":"","nofollow":"","custom_attributes":""},"align":"justify","button_text_color":"#626262","background_color":"#FFFFFF","border_radius":{"unit":"px","top":"8","right":"8","bottom":"8","left":"8","isLinked":true},"scroll_y":-80},"elements":[],"isInner":false,"widgetType":"button","elType":"widget"}],"isInner":false,"elType":"column"}],"isInner":false,"elType":"section"},{"id":"30f9355a","settings":{"padding":{"unit":"px","top":"24","right":"0","bottom":"0","left":"0","isLinked":false}},"elements":[{"id":"5785d229","settings":{"_column_size":100,"_inline_size":null,"column_sticky_offset":50,"scroll_y":-80},"elements":[{"id":"3053e33","settings":{"sync_parent_id":"wd_674e035f3def2","scroll_y":-80,"slider":"dash-slider","_margin":{"unit":"px","top":"-12","right":"0","bottom":"-12","left":"0","isLinked":false}},"elements":[],"isInner":false,"widgetType":"wd_slider","elType":"widget"},{"id":"59284b42","settings":{"structure":"20"},"elements":[{"id":"51628883","settings":{"_column_size":50,"_inline_size":null,"column_sticky_offset":50,"scroll_y":-80},"elements":[{"id":"4d55c59a","settings":{"box_shadow_box_shadow_type":"yes","box_shadow_box_shadow":{"horizontal":0,"vertical":0,"blur":10,"spread":0,"color":"rgba(0, 0, 0, 0)"},"_css_classes":"orderc","scroll_y":-80,"_background_background":"gradient","_background_color":"#A276EB","_background_color_b":"#C8AEF3","_background_gradient_angle":{"unit":"deg","size":135,"sizes":[]},"_border_radius":{"unit":"px","top":"12","right":"12","bottom":"12","left":"12","isLinked":true}},"elements":[],"isInner":false,"widgetType":"alfa_shop_myaccount_compress_order","elType":"widget"}],"isInner":true,"elType":"column"},{"id":"1692f361","settings":{"_column_size":50,"_inline_size":null,"column_sticky_offset":50,"scroll_y":-80},"elements":[{"id":"e5d0ecc","settings":{"box_shadow_box_shadow":{"horizontal":0,"vertical":0,"blur":10,"spread":0,"color":"rgba(0, 0, 0, 0)"},"_css_classes":"ordert","scroll_y":-80,"_background_background":"gradient","_background_color":"#2EC29D","_background_color_b":"#9FF3B0","_background_gradient_angle":{"unit":"deg","size":135,"sizes":[]},"_border_radius":{"unit":"px","top":"12","right":"12","bottom":"12","left":"12","isLinked":true}},"elements":[],"isInner":false,"widgetType":"alfa_shop_myaccount_total_order","elType":"widget"}],"isInner":true,"elType":"column"}],"isInner":true,"elType":"section"},{"id":"7af67a92","settings":[],"elements":[{"id":"4e583472","settings":{"_column_size":100,"_inline_size":null,"column_sticky_offset":50,"scroll_y":-80},"elements":[{"id":"3fe6dd8b","settings":{"_css_classes":"tickett","scroll_y":-80},"elements":[],"isInner":false,"widgetType":"alfa_shop_myaccount_ticket_open","elType":"widget"}],"isInner":true,"elType":"column"}],"isInner":true,"elType":"section"}],"isInner":false,"elType":"column"}],"isInner":false,"elType":"section"},{"id":"3eb0abf6","settings":{"structure":"20"},"elements":[{"id":"65bc3596","settings":{"_column_size":50,"_inline_size":null,"column_sticky_offset":50,"scroll_y":-80},"elements":[{"id":"73942615","settings":{"scroll_y":-80},"elements":[],"isInner":false,"widgetType":"alfa_shop_my_account_offer_dashboard","elType":"widget"}],"isInner":false,"elType":"column"},{"id":"620b3b5a","settings":{"_column_size":50,"_inline_size":null,"column_sticky_offset":50,"scroll_y":-80},"elements":[{"id":"21accfd8","settings":{"scroll_y":-80},"elements":[],"isInner":false,"widgetType":"alfa_shop_my_account_notification_dashboard","elType":"widget"}],"isInner":false,"elType":"column"}],"isInner":false,"elType":"section"},{"id":"74d8eca6","settings":[],"elements":[{"id":"38bc119f","settings":{"_column_size":100,"_inline_size":null,"column_sticky_offset":50,"scroll_y":-80},"elements":[{"id":"51622223","settings":{"scroll_y":-80},"elements":[],"isInner":false,"widgetType":"alfa_shop_myaccount_information","elType":"widget"}],"isInner":false,"elType":"column"}],"isInner":false,"elType":"section"}],"page_settings":[],"version":"0.4","title":"dashboard","type":"page"}