{"content":[{"id":"57bd001a","settings":{"background_background":"classic","background_color":"#FFFFFF","border_border":"solid","border_width":{"unit":"px","top":"5","right":"5","bottom":"5","left":"5","isLinked":true},"padding":{"unit":"px","top":"15","right":"8","bottom":"15","left":"4","isLinked":false},"border_color":"#313131","border_radius":{"unit":"px","top":"20","right":"20","bottom":"20","left":"20","isLinked":true}},"elements":[{"id":"52db80fc","settings":{"_column_size":100,"_inline_size":null,"column_sticky_offset":50,"scroll_y":-80},"elements":[{"id":"2c8781ec","settings":{"structure":"30"},"elements":[{"id":"4df7d4fd","settings":{"_column_size":33,"_inline_size":10,"content_position":"center","align":"space-between","background_background":"classic","background_color":"#313131","border_radius":{"unit":"px","top":"10","right":"0","bottom":"0","left":"010","isLinked":false},"column_sticky_offset":50,"scroll_y":-80},"elements":[{"id":"5b322954","settings":{"image":{"url":"https:\/\/demoes.aramis-co.ir\/woodmartpluss3\/wp-content\/uploads\/2024\/11\/\u0641\u0627\u06a9\u062a\u0648\u0631-\u0641\u0640\u0631\u0648\u0634-min.png","id":4779,"size":"","alt":"","source":"library"},"image_size":"full","scroll_y":-80},"elements":[],"isInner":false,"widgetType":"image","elType":"widget"}],"isInner":true,"elType":"column"},{"id":"774b9968","settings":{"_column_size":33,"_inline_size":20,"column_sticky_offset":50,"scroll_y":-80,"content_position":"center","align":"center"},"elements":[{"id":"46c66a7d","settings":{"width":{"unit":"px","size":200,"sizes":[]},"scroll_y":-80,"_element_custom_width":{"unit":"%","size":20,"sizes":[]}},"elements":[],"isInner":false,"widgetType":"alfa_shop_factor_order_logo","elType":"widget"}],"isInner":true,"elType":"column"},{"id":"7e00038e","settings":{"_column_size":33,"_inline_size":69.665999999999997,"background_background":"classic","background_color":"#313131","border_radius":{"unit":"px","top":"0","right":"10","bottom":"010","left":"0","isLinked":false},"column_sticky_offset":50,"scroll_y":-80},"elements":[{"id":"7fb57b1d","settings":{"structure":"20"},"elements":[{"id":"313ced13","settings":{"_column_size":50,"_inline_size":null,"column_sticky_offset":50,"scroll_y":-80},"elements":[{"id":"182c7fec","settings":{"widget_title":"\u0634\u0645\u0627\u0631\u0647 \u0641\u0627\u06a9\u062a\u0648\u0631 : ","text_color":"#FFFFFF","content_typography_number_typography":"custom","content_typography_number_font_family":"IRANSansXFaNum","content_typography_number_font_size":{"unit":"px","size":14,"sizes":[]},"_padding":{"unit":"px","top":"5","right":"5","bottom":"5","left":"5","isLinked":true},"scroll_y":-80,"content_typography_number_font_weight":"700","text_color_title":"#DBDBDB","content_typography_title_typography":"custom","content_typography_title_font_weight":"400"},"elements":[],"isInner":false,"widgetType":"alfa_shop_factor_order_id","elType":"widget"},{"id":"32a4efc2","settings":{"widget_title":"\u0648\u0636\u0639\u06cc\u062a \u0633\u0641\u0627\u0631\u0634: ","text_color":"#FFFFFF","content_typography_number_typography":"custom","content_typography_number_font_family":"IRANSansXFaNum","scroll_y":-80,"content_typography_number_font_size":{"unit":"px","size":14,"sizes":[]},"content_typography_number_font_weight":"700","text_color_title":"#DBDBDB","content_typography_title_typography":"custom","content_typography_title_font_weight":"400"},"elements":[],"isInner":false,"widgetType":"alfa_shop_factor_order_status","elType":"widget"}],"isInner":true,"elType":"column"},{"id":"7f39e3c7","settings":{"_column_size":50,"_inline_size":null,"border_border":"solid","border_width":{"unit":"px","top":"0","right":"1","bottom":"0","left":"0","isLinked":false},"border_color":"#737373","column_sticky_offset":50,"scroll_y":-80},"elements":[{"id":"5d875528","settings":{"widget_title":"\u062a\u0627\u0631\u06cc\u062e \u0633\u0641\u0627\u0631\u0634","text_color":"#7B7B7B","content_typography_number_typography":"custom","content_typography_number_font_family":"IRANSansXFaNum","content_typography_number_font_size":{"unit":"px","size":14,"sizes":[]},"_padding":{"unit":"px","top":"5","right":"5","bottom":"5","left":"5","isLinked":true},"scroll_y":-80,"content_typography_number_font_weight":"700","text_color_title":"#DBDBDB","content_typography_title_typography":"custom","content_typography_title_font_weight":"400"},"elements":[],"isInner":false,"widgetType":"alfa_shop_factor_order_date","elType":"widget"}],"isInner":true,"elType":"column"}],"isInner":true,"elType":"section"}],"isInner":true,"elType":"column"}],"isInner":true,"elType":"section"},{"id":"23503500","settings":{"image":{"url":"https:\/\/demoes.aramis-co.ir\/woodmartpluss3\/wp-content\/uploads\/2024\/11\/\u062c\u0632\u0626\u06cc\u0627\u062a-\u0645\u062d\u0635\u0648\u0644-1.png","id":4815,"size":"","alt":"","source":"library"},"image_size":"full","width":{"unit":"px","size":189,"sizes":[]},"width_tablet":{"unit":"px","size":"","sizes":[]},"width_mobile":{"unit":"px","size":"","sizes":[]},"_margin":{"unit":"px","top":"20","right":"0","bottom":"0","left":"0","isLinked":false},"scroll_y":-80},"elements":[],"isInner":false,"widgetType":"image","elType":"widget"},{"id":"25308dac","settings":{"detial_seller":[{"list_title":"\u0641\u0631\u0648\u0634\u06af\u0627\u0647","_id":"ffd2a16","select_detail":"company_address"},{"list_title":"\u0622\u062f\u0631\u0633 \u0641\u0631\u0648\u0634\u06af\u0627\u0647","select_detail":"company_address","_id":"4629081"},{"list_title":"\u0634\u0645\u0627\u0631\u0647 \u062a\u0644\u0641\u0646","select_detail":"phon_fax","_id":"76f19a7"}],"detial_buyyer":[{"list_title":"\u0646\u0627\u0645 \u06af\u06cc\u0631\u0646\u062f\u0647","select_detail":"fullname","_id":"33709fc"},{"list_title":"\u0627\u0633\u062a\u0627\u0646 ","select_detail":"country","_id":"b420d31"},{"list_title":"\u0634\u0647\u0631","select_detail":"city","_id":"6626d54"},{"list_title":"\u0622\u062f\u0631\u0633 ","_id":"fe49123","select_detail":"receiver"},{"list_title":"\u0634\u0645\u0627\u0631\u0647 \u0647\u0645\u0631\u0627\u0647","select_detail":"phonenummber","_id":"eb001c1"},{"list_title":"\u062a\u0627\u0631\u06cc\u062e \u0633\u0641\u0627\u0631\u0634","select_detail":"order_date","_id":"0921a9f"},{"_id":"33ba558","list_title":"\u0631\u0648\u0634 \u067e\u0631\u062f\u0627\u062e\u062a","select_detail":"payment_method"},{"_id":"5228ab2","list_title":"\u062d\u0645\u0644 \u0648 \u0646\u0642\u0644","select_detail":"shipping_method"}],"text_color_seller_title_tr":"#5A5A5A","text_align":"right","scroll_y":-80,"content_typography_seller_title_tr_typography":"custom","content_typography_seller_title_tr_font_size":{"unit":"px","size":14,"sizes":[]},"border_border":"solid","border_width":{"unit":"px","top":"1","right":"1","bottom":"1","left":"1","isLinked":true},"border_color":"#7D7D7D","content_typography_seller_title_typography":"custom","content_typography_seller_title_font_family":"IRANSansXFaNum","content_typography_seller_title_font_weight":"400","text_color_seller_title":"#7D7D7D","content_typography_seller_value_typography":"custom","content_typography_seller_value_font_weight":"700","text_color_seller_value":"#3B3B3B","content_typography_buyyer_title_typography":"custom","content_typography_buyyer_title_font_family":"IRANSansXFaNum","content_typography_buyyer_title_font_weight":"400","text_color_buyyer_title":"#7D7D7D","content_typography_buyyer_value_typography":"custom","content_typography_buyyer_value_font_weight":"700","text_color_buyyer_value":"#3B3B3B","_margin":{"unit":"px","top":"0","right":"0","bottom":"-36","left":"0","isLinked":false},"_padding":{"unit":"px","top":"0","right":"0","bottom":"0","left":"0","isLinked":false},"_border_width":{"unit":"px","top":"3","right":"3","bottom":"3","left":"3","isLinked":true},"_border_color":"#EEEEEE","_border_radius":{"unit":"px","top":"0","right":"0","bottom":"16","left":"16","isLinked":false},"_css_classes":"address"},"elements":[],"isInner":false,"widgetType":"alfa_shop_factor_seller_buyer_detail","elType":"widget"},{"id":"4ae09686","settings":{"content_typography_typography":"custom","content_typography_font_family":"IRANSansXFaNum","text_color":"#4C4C4C","background_color_title":"#E9E9E9","content_typography_title_typography":"custom","content_typography_title_font_family":"IRANSansXFaNum","border_border":"solid","border_width":{"unit":"px","top":"1","right":"1","bottom":"1","left":"1","isLinked":true},"content_typography_price_typography":"custom","content_typography_price_font_family":"IRANSansXFaNum","text_price_color":"#2B2B2B","p-detail_image":{"unit":"px","size":70,"sizes":[]},"scroll_y":-80,"content_typography_font_size":{"unit":"px","size":14,"sizes":[]},"content_typography_font_weight":"700","content_typography_title_font_size":{"unit":"px","size":14,"sizes":[]},"border_color":"#9A9A9A","p-detail_image_height":{"unit":"px","size":70,"sizes":[]},"border_image_detial_border":"none","border_image_detial_width":{"unit":"px","top":"0","right":"0","bottom":"0","left":"0","isLinked":true},"_margin":{"unit":"px","top":"0","right":"0","bottom":"-36","left":"0","isLinked":false}},"elements":[],"isInner":false,"widgetType":"alfa_shop_factor_detial_product","elType":"widget"},{"id":"7d91e90d","settings":{"widget_title_price_total":"\u0645\u0628\u0644\u063a \u06a9\u0644","widget_title_price_discount":"\u0645\u0628\u0644\u063a \u062a\u062e\u0641\u06cc\u0641","widget_title_price_shipping":"\u0645\u0628\u0644\u063a \u062d\u0645\u0644 \u0648 \u0646\u0642\u0644","widget_title_price_endtotal":"\u0645\u0628\u0644\u063a \u0646\u0647\u0627\u06cc\u06cc","text_color":"#272525","background_color":"#E9E9E9","content_typography_title_typography":"custom","content_typography_title_font_family":"IRANSansXFaNum","content_typography_price_typography":"custom","content_typography_price_font_family":"IRANSansXFaNum","content_typography_price_font_size":{"unit":"px","size":14,"sizes":[]},"content_typography_price_font_weight":"500","price_color":"#5E5E5E","scroll_y":-80,"_margin":{"unit":"px","top":"0","right":"0","bottom":"-18","left":"0","isLinked":false}},"elements":[],"isInner":false,"widgetType":"alfa_shop_factor_total","elType":"widget"},{"id":"1a5d24d","settings":{"structure":"20","padding":{"unit":"px","top":"0","right":"0","bottom":"0","left":"22","isLinked":false}},"elements":[{"id":"19bbdbaa","settings":{"_column_size":50,"_inline_size":null,"column_sticky_offset":50,"scroll_y":-80},"elements":[{"id":"57e434f5","settings":{"content_typography_typography":"custom","content_typography_font_family":"IRANSansXFaNum","text_color_note":"#4E4E4E","scroll_y":-80,"text_color_title":"#888888","content_typography_font_weight":"400","content_typography_note_typography":"custom","content_typography_note_font_weight":"700"},"elements":[],"isInner":false,"widgetType":"alfa_shop_factor_order_buyernote","elType":"widget"},{"id":"41263c29","settings":{"text_color_title":"#888888","content_typography_typography":"custom","content_typography_font_family":"IRANSansXFaNum","content_typography_note_typography":"custom","content_typography_note_font_family":"IRANSansXFaNum","scroll_y":-80,"content_typography_font_weight":"400","text_color_note":"#4E4E4E","content_typography_note_font_weight":"700"},"elements":[],"isInner":false,"widgetType":"alfa_shop_factor_order_managernote","elType":"widget"}],"isInner":true,"elType":"column"},{"id":"39bc229b","settings":{"_column_size":50,"_inline_size":null,"background_background":"classic","background_color":"#EEEEEE","border_radius":{"unit":"px","top":"12","right":"12","bottom":"12","left":"12","isLinked":true},"column_sticky_offset":50,"scroll_y":-80},"elements":[{"id":"63adfe0d","settings":{"image":{"url":"https:\/\/demoes.aramis-co.ir\/woodmartpluss3\/wp-content\/uploads\/2024\/11\/\u0627\u0632-\u062e\u0631\u06cc\u062f-\u0634\u0645\u0627-\u0645\u062a\u0634\u06a9\u0631\u06cc\u0645-_.png","id":4824,"size":"","alt":"","source":"library"},"width":{"unit":"%","size":39,"sizes":[]},"scroll_y":-80},"elements":[],"isInner":false,"widgetType":"image","elType":"widget"}],"isInner":true,"elType":"column"}],"isInner":true,"elType":"section"}],"isInner":false,"elType":"column"}],"isInner":false,"elType":"section"}],"page_settings":[],"version":"0.4","title":"factor","type":"page"}