{"content":[{"id":"36909ae2","settings":[],"elements":[{"id":"26af30ed","settings":{"_column_size":100,"_inline_size":null,"column_sticky_offset":50,"scroll_y":-80},"elements":[{"id":"54092f76","settings":{"content_typography_tab_typography":"custom","scroll_y":-80},"elements":[],"isInner":false,"widgetType":"woodplus_my_account_orders_elementor","elType":"widget"}],"isInner":false,"elType":"column"}],"isInner":false,"elType":"section"}],"page_settings":[],"version":"0.4","title":"orders","type":"page"}